catalog,generated_title,cand_1,cand_2,cand_3,cand_4,cand_5,cand_6,cand_7,cand_8,same_item,cand_1_id,cand_2_id,cand_3_id,cand_4_id,cand_5_id,cand_6_id,cand_7_id,cand_8_id
amazon,Yu-Gi-Oh! - Elemental Hero Wildheart (LCGX-EN050) - Legendary Collection 2 - 1st Edition - Rare,YU-GI-OH! - Elemental Hero Shining Flare Wingman (LCGX-EN050) - Legendary Collection 2 - 1st Edition - Secret Rare,YU-GI-OH! - Elemental Hero Glow Neos (LCGX-EN061) - Legendary Collection 2 - 1st Edition - Rare,YU-GI-OH! - Elemental Hero Divine Neos (LCGX-EN077) - Legendary Collection 2 - 1st Edition - Ultra Rare,YU-GI-OH! - Elemental Hero Chaos Neos (LCGX-EN065) - Legendary Collection 2 - 1st Edition - Ultra Rare,YU-GI-OH! - Elemental Hero Avian (LCGX-EN002) - Legendary Collection 2 - 1st Edition - Secret Rare,Yu-Gi-Oh!! - Elemental Hero Steam Healer (LCGX-EN051) - Legendary Collection 2 - 1st Edition - Rare,YU-GI-OH! - Elemental Hero Knospe (LCGX-EN035) - Legendary Collection 2 - 1st Edition - Rare,YU-GI-OH! - Elemental Hero Woodsman (LCGX-EN034) - Legendary Collection 2 - 1st Edition - Super Rare,0,B0062DWPTI,B0062DWR2I,B0062DWNNG,B0062DWJJE,B0062DWG10,B0062DXEMK,B0062DWUW0,B0062DXLM8
movielens,Michael Clayton (2007),,,,,,,,,1,55276,891,991,1409,118282,127118,,
yelp,Ambler Restaurant & Bar,,,,,,,,,0,Ax2r0idPQ81vmX37QMwFpA,sXyYBK2AnpJLYqbVR1asPg,Ar_8YUzqeb5FwthWBY-SSA,qD6EoM0lbEA-0tfPTO9qpw,oZzN706lKoL4faaTK739xA,NAlD7HIJolhcN-5kXk5Dqg,hR_j-38v2pOesza1j6akBA,K_10kFcXYtk5l9_3S7k3GA
yelp,Bluebird Coffee Roasters,,,,,,,,,0,-kY_HDP7IMvGl-kBIZVU4A,9XpU6r6ATXSWYfbU7kibaQ,_mM29ipaSjYo4zJZkswZiA,bpEiVcivZFHixcDGKXQQJA,OPQWnVzSu70iE26LOaZiJw,OPQWnVzSu70iE26LOaZiJw,ud1DYfS8px87ApE5uDdRAw,38F4LbjmsdptNIdCdQiY2A
yelp,California Pizza Kitchen,,,,,,,,,1,WlEseclwPGiFinAk-h1Tdg,TUtf4FLtotdQDleYpRIfnw,UXJEQycac7JKyyTVDjWBdA,odqgXlLcuedUMyD8Aetwfg,WlEseclwPGiFinAk-h1Tdg,WlEseclwPGiFinAk-h1Tdg,WlEseclwPGiFinAk-h1Tdg,
movielens,Oldboy (2003),,,,,,,,,0,107314,160181,141660,5393,,,,
movielens,Let The Right One In (2008),,,,,,,,,1,61240,148785,1231,2828,180355,6815,161242,139403
movielens,Oldboy (2003),,,,,,,,,0,107314,160181,141660,5393,,,,
yelp,The Fish Market,,,,,,,,,0,09yzPKqhvm_kJo6S5vsS3w,cMrmgiKUmJ_7g4fxFmUygA,YuIpYKTjj2HRcsdMX7QCww,IR46YDkF358WDZuqZ4M2mQ,eRr4HzKYnT4ByWTIMeAciQ,eRr4HzKYnT4ByWTIMeAciQ,eRr4HzKYnT4ByWTIMeAciQ,eRr4HzKYnT4ByWTIMeAciQ
amazon,"NECA Alien vs Predator 7"" Action Figure",NECA Alien vs Predator (Arcade Appearance) - 7” Scale Action Figures - Dutch & Linn 2-Pack,Alien VS. Predator NECA Exclusive Action Figure 2 Pack Alien Vs. Predator,"NECA - Alien vs Predator (Arcade Appearance) - 7"" Scale Action Figure - Warrior Predator","NECA - Alien vs Predator (Arcade Appearance) - 7"" Scale Action Figure - Hunter Predator","NECA Predator Series 17 AVP Elder Action Figure, 7""",NECA Predator 1/4 Scale Action Figure,"NECA Aliens 7"" Scale Action Figures (2 Pack)","NECA Predator Series 15 Ancient Warrior Action Figure, 7""",0,B07H8KH2XY,B004GPDCH8,B07MJ7RX8J,B07MFZNCR4,B01N6VFIJ8,B071ZQTJ8T,B01M0YHVN2,B01B65ZAKM
amazon,Ken Doll Clothes and Accessories,"BARWA 3pc Ken Doll Clothes Black Tuxedo Suit with Tie White Shirt, Pants and Jacket for 12 inch Ken Doll","Barbie Clothes: 1 Outfit for Ken Doll Includes Striped Shirt, Denim Shorts and Shoes, Gift for 3 to 8 Year Olds ​, GHX46","Barbie Clothes -- Career Outfits for Ken Doll, Musician Look with Saxophone, Multi","Barbie Clothes - Career Outfits for Ken Doll, Science Teacher Look with Textbook, Gift for 3 to 8 Year Olds​",Barbie Ken Doll and Accessories,Barbie Ken Doll and Accessories,Barbie® Doll And Accessories,Barbie Doll and Accessories,0,B081QHDJ7W,B07Z5Q4RMK,B082N7RBD3,B082N7KDJV,B07FDL4QFD,B07FDL4QFD,B09NP3KTL4,B079QGC9CP
movielens,Heavenly Creatures (1994),,,,,,,,,1,247,787,5215,25892,147462,128622,1425,
amazon,Metal Polyhedral RPG Dice Set – 7-Piece Titanium Finish,"DND Metal Dice Set | 8 High Definiton, Polyhedral Dice for RPG, Dungeons & Dragons | by Hexblade Gaming | Inc. 2 x D20, Metal Presentation Box | Burnished Pewter Finish with Emerald Numbers","Bescon Heavy Duty Solid Metal Dice Set Nickle Finish, Metallic Polyhedral D&D RPG Game Dice 7pcs Set","DND Metal Dice Set | 8 High Definiton, Polyhedral Dice for RPG, Dungeons & Dragons | by Hexblade Gaming | Inc. 2 x D20, Metal Presentation Box | Black Nickel Finish with Electric Blue Numbers","Bescon 10pcs Set Ancient Brass Solid Metal Polyhedral D&D Dice Set, Old Finish Bronze Metal RPG Role Playing Game Dice 7+3 Extra D6s'",Q WORKSHOP Metal Steampunk Dice Set 7 Polyhedral Pieces,Blue Pearl RPG Dice - Full Polyhedral Set - 'Nightfall',"Polyhedral Dice Set (7-Piece), Green/White Glitter","Koplow Games Polyhedral Dice Set (7-Piece), Pearlized Red/White",0,B08B1SDBTW,B07DNG3JY1,B08769RC1Y,B07DNFKZM8,B009L5X5PC,B083ZDB6W2,B00M6XJDPC,B00O9XS54W
amazon,LEGO Creator Expert Carousel,LEGO Creator Expert Carousel 10257 Building Kit (2670 Pieces) (Discontinued by Manufacturer),LEGO Creator Expert Carousel 10257 Building Kit (2670 Pieces),LIGHTAILING Light Set for (Creator Expert Carousel) Building Blocks Model - Led Light kit Compatible with Lego 10257(NOT Included The Model),LEGO Creator 3in1 Fairground Carousel 31095 Building Kit (595 Pieces),LEGO Creator Cargo Heli,Lego Creator (Jewel Case) - PC,LEGO Creator Expert 10276 Colosseum (9036pcs),LEGO® Cargo Copter,1,B072MHYHXJ,B071NT3DST,B07QPXKHRL,B08X2PZHYV,B00NHQGK62,B0009NWBOG,B08P11X1HX,B000Y8D6NG
amazon,Mattel Disney Princess Moana Fashion Doll,"Mattel Disney Princess Moana Small Doll Story Pack with 1 Moana Doll, 5 Character Figures and 1 Accessory From the Movie","Mattel Disney Princess Moana Small Doll & Boat Playset with Floating Boat Vehicle & 2 Character Friends, from Disney Movie","Disney Princess Royal Shimmer Moana Doll, Fashion Doll with Skirt and Accessories, Toy for Kids Ages 3 and Up, Multicolor","Disney Princess Moana of Oceania Fashion Doll with Skirt That Sparkles, Headband, & Necklace, Toy for 3 Year Olds & Up",Disney Princess Moana Island Fashions Doll,Disney Princess Fashion Doll,Disney Princess Moana Fashion Doll with Music,Disney Princess Magiclip Merida Doll and Fashion,0,B0B2BF33BK,B0B29N54YP,B08TDC4XND,B07WDCV8YY,B01JKAR1MU,B072XV6HD1,B01BOYCJBS,B00AGDE0SY
amazon,LEGO DUPLO Classic Brick Box 10913 First DUPLO Set with Storage Box,"LEGO DUPLO Classic Brick Box Building Set 10913 - Features Storage Organizer, Toy Car, Number Bricks, Build, Learn, and Play, Great Gift Playset for Toddlers, Boys, and Girls Ages 18+ Months","LEGO DUPLO Classic Deluxe Brick Box 10914 Starter Set - Features Storage Box, Bricks, Duplo Figures, Dog, and Car, Creative Play, Great Early Learning Toy for Toddlers Ages 18+ Months",LEGO DUPLO My First Animal Brick Box 10863 Building Blocks (34 Pieces),LEGO Brick Themes DUPLO My First Farm 6141,LEGO Bricks & More My First LEGO DUPLO Set 5931,"Classic Coral Stone & Black Marble Chess Set with 16"" Board",LEGO Classic XL Creative Brick Box Set #10654,"LEGO Brick 8 Knobs, Stackable Storage Box, White",1,B07WJJF8PB,B0C48C8GBG,B075M1G94H,B005VPRD3Q,B004478GGU,B0013BMI8M,B01MAXWM38,B08256X1XN
amazon,Yu-Gi-Oh! - Ghost Rare Cards from Premium Gold 3,YU-GI-OH! - Ghost of a Grudge (PGLD-EN029) - Premium Gold - Unlimited Edition - Gold Secret Rare,YU-GI-OH! - Ghost Ogre & Snow Rabbit (PGL3-EN052) - Premium Gold: Infinite Gold - 1st Edition - Gold Rare,Yu-Gi-Oh! - Mystical Space Typhoon (GLD5-EN038) - Gold Series: Haunted Mine - Limited Edition - Ghost/Gold Hybrid Rare,Yu-Gi-Oh! - Solemn Judgment (GLD5-EN045) - Gold Series: Haunted Mine - Limited Edition - Ghost/Gold Hybrid Rare,"Yu-Gi-Oh! Trading Cards Ghost from The Past, Multicolor",Yu-Gi-Oh! Ghosts from The Past Display,YU-GI-OH! - Dark Armed Dragon (PGLD-EN064) - Premium Gold - 1st Edition - Gold Rare,YU-GI-OH! - Cyber Dragon (PGLD-EN053) - Premium Gold - 1st Edition - Gold Rare,0,B00MAMO20U,B01CYP9ISS,B008AL14FG,B008AL15M8,B092383D5X,B08NXS1WJ7,B00J7YFCVW,B00J7YF7US
movielens,Braveheart (1995),,,,,,,,,1,110,26966,115763,653,,,,
yelp,Cafe Passe,,,,,,,,,1,wm23rnUccF_3en3NSN7afw,upf9BnmbiMvTxWUmBSLtog,bl1iirh_xT3KEUOVwi4e4g,bl1iirh_xT3KEUOVwi4e4g,-PGe8XbKh-vXkr57GKNEAw,,,
yelp,Fitz on 4th,,,,,,,,,0,_AStgdcAhL_0GWrA52tLHg,sCaB7oJvvwdg1ymuSx2Stg,qh2xcM_-oY45dQjyiHP8MQ,SySmQMPGQELEH9GEgEHUxw,PkDM_nwfFhI2vzKZiaLdBA,QYL5oyaJho38ZTWiIgTDSA,EIKbEHnsVg6dcsWopW4lkg,13jzD3emK7N-CtmFW-VzGg
amazon,Schleich Horse Farm Playset with Figures and Accessories,"Schleich Farm World, Farm Playset Gifts for Kids, Farm World Starter Playset for Toddlers and Kids with Cat, Horse, Puppy, and Cow 4-Piece Set, Ages 3+","Schleich Farm World 7-Piece Rodeo Toy Playset for Kids, Barrel Racing Fun with Cowgirl and Horse Figurine","Schleich Farm World, Farm Toys for Girls and Boys Ages 3-8, 16-Piece Playset, Veterinarian Visit to the Horse Stall","Schleich Farm World Pony Agility Training 41-piece Horse Playset for Kids Ages 3-8 , Brown",Schleich Farm with Animals and Accessories Playset,The Grinch Who Stole Christmas Playset with Character Figures and Accessories,Sonic Play Set Featuring Random Sonic Figures and Accessories,Schleich Portable Barn with Accessories,5,B0B16YD1J9,B0CBDN2VSQ,B07B46H2R8,B099Y47G53,B01C6WLXZA,B07KDD1PGC,B08KSVTN6S,B00KYSZP2G
amazon,Funko Pop! Keychain: Spider-Man – Collectible Mini Figure,"Funko Pop Keychain: Animated Spider-Man Movie - Spider-Man Collectible Figure, Multicolor","Funko Pop Keychain: Animated Spider-Man Movie - Miles Morales Spider-Man Collectible Figure, Multicolor","Funko Pop! Keychain: Marvel - Spider-Man: No Way Home, Friendly Neighborhood Spider-Man",Funko Pocket Pop! Keychain: Marvel Spider-Man - Miles Morales (Gamer) Glows in The Dark Exclusive,Funko POP Keychain: Marvel - Spider-Man Action Figure,"Funko POP! Keychain: TV Mr Rogers Collectible Figure, Multicolor",Funko Pop Keychain Black Panther Collectible Figure,"Funko Pop! Keychain: Monsters Inc. - Sulley Collectible Figure, Multicolor",5,B07DFF22F1,B07DFBJRBK,B0B6GBD6HG,B088XWKDX5,B00Z0FG7HA,B0797PJQJN,B0BJYDCSX5,B07D9BZMH6
movielens,Catch Me If You Can (2002),,,,,,,,,1,5989,164314,180505,121300,161115,,,
yelp,Santa Barbara Wine Country,,,,,,,,,1,TvBxBjed-iX6_22SwEYEFQ,ijU7hEUbD1Nq7KKbi4nyeQ,7sOqa_LFDHEtiFzNFZBw4A,V8dZigOlI5fjpRxgOWwY3g,FrxcwylzrO-ZnzxtiyUdDg,uBvHmZ7BMT8JW5kxgimPWg,,
movielens,The Dark Crystal,,,,,,,,,1,2140,168800,41014,59615,117454,92781,172351,
amazon,Play-Doh Kitchen Creations Ultimate Swirl Ice Cream Truck Playset,"Play-Doh Kitchen Creations Ultimate Ice Cream Truck Toy Playset, Food Truck Toys for Kids, 27 Accessories, 12 Cans, Preschool Toys for 3 Year Old Girls & Boys and Up, Non-Toxic",Play-Doh Kitchen Creations Ultimate Swirl Ice Cream Maker Play Food Set with 8 Non-Toxic Colours - Exclusive to Amazon - Amazon Exclusive,Play-Doh Kitchen Creations Ultimate Swirl Ice Cream Maker Play Food Set with 8 Non-Toxic Colors Toy,Play-Doh Kitchen Creations Ultimate Swirl Ice Cream Maker Play Food Set with 8 Non-Toxic Colours,Play-Doh Kitchen Creations Swirl 'n Scoop Ice Cream,Play-Doh Kitchen Creations Ice Cream Treats,Play-Doh Kitchen Creations Ice Cream Treats,,1,B0BNP1SB3C,B07DY8X2X6,B0767B4S4F,B079VSJDZQ,B00N3T3Q60,B078B5KBXJ,B078B5KBXJ,
yelp,Melt Bar and Grilled,,,,,,,,,0,0E2JLWX2h-GdZp8sliaKcQ,y-YbEDBLGQ717MUcziLeew,0E2JLWX2h-GdZp8sliaKcQ,0E2JLWX2h-GdZp8sliaKcQ,-nUV-Z7_RdHY1dLsnuo0xQ,NyvwUdpxG_wmTuYmm4P0pA,VoOlwCavQQ_A5My7TC7t2w,dogngyWggT7Qb5ogpLPzPQ
amazon,Redcat Racing Everest-10 1/10 Scale RC Rock Crawler,Redcat Racing Everest GEN7 Pro 1/10 4WD RTR Scale Rock Crawler,RC Metal Aluminum Connect Box W/Main Gear 38T 180009 Upgraded for 1/10 Redcat Racing Everest HSP 4WD Climbing Rock Crawler 94180 Upgrade Parts (Red),"Share Goo RC Aluminum Alloy 180009 Connect Box with 38T Main Gear Compatible with HSP 94180 Redcat Racing Everest 1/10 RC 4WD Climbing Rock Crawler Car,Sliver",Metal Front Bumper for Redcat Racing Everest Gen7 1/10 Scale RTR Rock Crawler,Redcat Racing Everest GEN7 Pro 1/10 4WD RTR Scale Rock Crawler,"Redcat Racing R180-R Rock Crawler Body (1/10 Scale, Red)",Redcat Racing Everest GEN7 Sport 1/10 4WD RTR Scale Rock Crawler,,0,B07645C13T,B0895W4V28,B087DZB4P7,B07TW3JL5S,B07645C13T,B00YBXN7R0,B077PYN8D9,
yelp,Rittenhouse Spa & Club,,,,,,,,,1,Y2Xd0i9Yd6rTDghVBYiDLQ,Qf6Ex-2ZIrNxJb-qVwbvLw,wLzrd4ulKXJN4s_CzZAlgQ,Lw0e3JLpHoxrOzvAoXg3uQ,YuYvesXrRf1PSp37a5IwUw,,,
yelp,The Crafty Thrift & Vintage,,,,,,,,,0,LMd312IyPyPJiV16Sqc_4A,mMXCzZxa-cKz2XPSkvz7wA,LMd312IyPyPJiV16Sqc_4A,LMd312IyPyPJiV16Sqc_4A,x2G7dyn64TUUuspKs-VAqg,C2KhibuDzv3HJvZubkHTJA,tsxo_nwoc058R7oR-J40Hg,doU-Ovq6HibdiNQ1vaDFsA
movielens,Let the Right One In (2008),,,,,,,,,1,61240,148785,1231,2828,180355,6815,161242,139403
amazon,Imaginext DC Super Friends Batcave,"Fisher-Price Imaginext DC Super Friends, Battle Batcave",DC Super Friends Imaginext DC Super Friends Batcave (Frustration-Free Packaging),"DC Super Friends Fisher-Price Imaginext, Transforming Batcave","Fisher-Price Imaginext DC Super Friends Batman Playset Super Surround Batcave with Lights Sounds & Phrases for Ages 3+ Years, 33 x 42 Inches",Fisher-Price Imaginext Super Friends Batcave,Fisher-Price Imaginext DC Super Friends Robo Batcave,Imaginext DC Super Friends Mini Figure Batman,,2,B073GW2LZQ,B005C3HOR2,B018EI6Q4I,B083W6CKN6,B00BQYQY8Q,B01LZHNCPX,B001AQTXL0,
movielens,The Big Lebowski (1998),,,,,,,,,1,1732,54,75,119,8767,5490,34229,
yelp,Clementine's Creamery,,,,,,,,,1,fC03dk7N8XV-RzGh0UJgmA,fC03dk7N8XV-RzGh0UJgmA,YyXjo3Csp8yAPMm6Liflsg,fC03dk7N8XV-RzGh0UJgmA,y2trhz7QALBOLnU_4EwjVg,,,
amazon,Traxxas 2056 High-Torque Waterproof Servo Metal Gear for Stampede Rustler Bandit,Traxxas 2056 High-Torque Waterproof Servo,Traxxas 2056 High-Torque Waterproof Servo,Traxxas 2056 High-Torque Waterproof Servo,Traxxas 2056 High-Torque Waterproof Servo,"Traxxas 2075R Digital High Speed Torque Metal Gear Ball Bearing Waterproof Servo, 125 Ounces of Torque at 6V, Blue","Traxxas 2255 Waterproof Metal Gear Aluminum Servo Digital High-Torque 400 Brushless, Red",Traxxas 2075 Digital High-Torque Waterproof Servo,Traxxas 2075 Digital High-Torque Waterproof Servo,1,B00ERU8ZGK,B00ERU8ZGK,B00ERU8ZGK,B00ERU8ZGK,B07JVJTY4L,B07HXDGC76,B00THD368O,B00THD368O
amazon,Our Generation Sweet Stop Ice Cream Truck for 18-Inch Dolls,"Our Generation Dolls Sweet Stop Ice Cream Truck for Dolls, 18""","Our Generation Dolls Sweet Stop Ice Cream Truck for Dolls, 18""","Our Generation Dolls Sweet Stop Ice Cream Truck for Dolls, 18""","Our Generation Ice Cream Truck for 18 Inch Dolls, Pink",,,,,1,B01DJ69LAG,B01DJ69LAG,B01DJ69LAG,B06XRH3XV8,,,,
amazon,Dead of Winter,The Broken Token Box Organizer for Dead of Winter,Dead of Winter Warring Colonies Board Game EXPANSION | Post-Apocalyptic Survival Game | Strategy Game for Adults and Teens | Ages 13+ | 4-11 Players | Avg. Playtime 1-2 Hours | Made by Plaid Hat Games,e-Raptor Insert Dead of Winter: The Long Night,Gale Force Nine 1 X Winter/Dead Static Grass Round GF9,Fall & Winter Fun,Day of the Dead,Water Beads,Bessmoso Winter,0,B00TR3XEWC,B0763ZD5ZS,B0761XCK3Y,B001N1BWU2,B000VE75K8,B00BXDYMP2,B0B5CZSWR9,B07ZPR8MZ1
yelp,I Love Sushi Nashville,,,,,,,,,1,y5OovQyNsJ77O0AR2XPIww,o7rnojK3FKPP7PMwt7eB9g,o7rnojK3FKPP7PMwt7eB9g,oeGv2lfbSMfwZ0x7jvOQdQ,yGVADcNFkErA-ahlAYOAjQ,7T8_htSMHuSzKqiwjSt3iA,o8lpZb2Sb4EPFhqFMdy6HQ,
yelp,Imperial Bar & Lounge,,,,,,,,,0,RFJVSJ8Wt9DfFJsoNNar3Q,VOGWnQHijIpURf4eNSvIaw,bf29mZGqWBAJ_48RjdCjsQ,uVCMVOTyL4-j4M37o01MwA,MWsKtSvWs2zaLveBCzj3_g,G2okUNH-Jeks8hqJvSilcw,6coKSHnZu8pWHhNPpNM1jA,7HcaaocVkMj3g7OiIVWy6g
amazon,Toddler Play Kitchen Set with Realistic Accessories,"GILOBABY Mini Kitchen Playset, Pretend Play Cooking Toys with Realistic Sink and Play Food Accessories, Ideal Early Learning Educational Role Play Toy Birthday for Kids Toddler Children","Pretend Play Food Set,Toy Food for Toddler Kids Kitchen Playset,Realistic Vegetables Fake Food Toy Kitchen Accessories,Soft Squeeze Toy Food Assortment","Pink Kitchen Playset Pretend Food, Fun Play Kitchen Set for Kids, Pink Kitchen w/ Realistic Lights & Sounds, Kids Kitchen Playset, Kitchen Accessories Set Toddler playset for Kids Toddlers Ages 3-8",UNIH Play Kitchen Toy for Girls Pretend Pink Kids Kitchen Playset Toddler Toy with Realistic Lights & Sounds and Other Kitchen Accessories Toys for Kids Gift,Kids Kitchen Pretend Play Accessories Toys Set,KidKraft Girl's Pink Toddler Kitchen with Accessories,Hape Pop Up Toaster Wooden Play Kitchen Set with Accessories,Pink Assembled Toddler Kitchen with 22 Accessories,0,B088PFXQ7K,B0B6N6L8ZB,B09FGLG1N6,B08F58Z31M,B08C2TFVBC,B00CZBEQMA,B00712NTWQ,B0189HG8JM
yelp,Harmony Yoga Studio,,,,,,,,,0,U_CN8t4N2iSVuj_5Aqcjzg,DSW2XVPyRLgVmNLsBpzzvA,DcnWM3H1MaUcAMqSWXiT8g,jyonW-D1Xob4UXRGobv8GQ,_d9OT_1ryjw3sFp6L1jGlA,DE-LoO6AErqxi8mPv7caAw,AMdtqq1zjcsV7uSNmhbBbA,
yelp,Panera Bread,,,,,,,,,1,tP8wd-9CrI_RkHK424oifQ,tP8wd-9CrI_RkHK424oifQ,tP8wd-9CrI_RkHK424oifQ,tP8wd-9CrI_RkHK424oifQ,,,,
yelp,VCA Animal Hospital,,,,,,,,,1,bLjFXzhUH5xogVvYw4dDzg,8pLHRpAe6YPL0FVOKkyVKw,eRtrcUyflgHRyrP1-yPMsg,rjeH0b1F7qj2gxxOO8vzYA,jJ_T5XLHXApzSWykjI1Pnw,aLH9E3fqoBGvwQ7qIK1z4Q,HYAhbjNOQH8CwssHuZ4oqw,Vn4ww0bYqyyR81eGSyhCEg
amazon,LEGO DUPLO Large Building Brick Set,JIXIn Dinosaur Marble Run Building Blocks/Compatible with LEGO DUPLO/Dino Eggs Fun Marble Maze Blocks/125 PCS Classic Brick Building Toy Set for Preschool Kids/Gift Toy for Boys/Girls Age 3 4 5 6 7 8+,"LEGO StoryTales DUPLO Brick Set 45005, Language Development Educational Toy for Girls and Boys Ages 3 and up (109 Pieces)",LEGO DUPLO My First Animal Brick Box 10863 Building Blocks (34 Pieces),"LEGO DUPLO Disney Princess Frozen Ice Castle 10899 Building Toy with Light Brick, Princess Elsa and Anna Mini-Dolls Plus Olaf Figure, Gifts for 2 Year Old Toddlers, Girls & Boys",LEGO Duplo 2598 Large Red Building Plate,LEGO DUPLO Brick Set,Melissa & Doug Sand Brick-Building Set,"LEGO DUPLO Town Big Farm 10525 Toddler Toy, Large Building Bricks",6,B0BTPCJ3XS,B00HFV0SLS,B075M1G94H,B08X2PZ298,B0031M70N4,B002OSWHHA,B00AYARHN4,B00GSN5A94
amazon,Disney Frozen 2 Elsa & Anna Plush Set – 12‑Inch Soft Toys,"Disney Frozen 2, 25-Piece Foam Jigsaw Puzzle Toy for Girls & Boys Elsa Anna Olaf Winter Snow Movie Merch Party Favor, for Kids Ages 4 and up","Disney Frozen Petite Anna & Elsa Dolls with Surprise Trolls Gift Set, Each Doll is Approximately 6 inches Tall - Includes 2 Troll Friends! Perfect for Any Frozen Fan!",MALLMALL6 30Pcs Princess Centerpiece Sticks Birthday Party Decorations Frozen Theme Party Supplies Table Toppers Elsa Anna Stickers Party Favors Winter Snowflakes Room Decor Photo Booth Props for Kids,"Bendon Disney Frozen Princess Board Book Set Storybook Set Featuring Anna, Elsa, Belle, Ariel, Cinderella, and More",Disney Frozen 2 Olaf Plush Toy 10.5 inch,Disney Anna Toddler Doll – Frozen – 15 ½ Inches,Disney Queen Anna Plush Doll – Frozen 2 – Medium – 18'' inches,Disney Tsum Tsum Plushes Frozen Set of 2 -Anna and Kristof,0,B07RZ9FZL2,B07KXNMP8X,B07WD451B5,B00OIBS2DE,B07ZJPZH4Z,B08HJRWRFG,B086VMWNGC,B01CKS3GHI
yelp,The Stage on Broadway,,,,,,,,,1,sO1OD0SZkXXPtIXj2cS4oA,VbUDx8w9hWMh6GvgTqhuuQ,46fEorqn2nVbxdclHdHdKg,44CGMbwgAXCPBXB-7V3B2Q,RoDJLbvKGbZxTveR__0big,e7adoHmpwT3e5Ei3Pfe4Lg,JBGmPq8haIiGguA-p8pK4A,
movielens,Avengers: Endgame (2019),,,,,,,,,0,3889,78959,79599,159542,190511,439,136257,2153
yelp,The Sweet Spot Bakery,,,,,,,,,2,HxlFnUI9-RNKlKD2zUwzWQ,CLzPxFpQSLCGrYNsj-lCDA,QAMJIJQ7SMO-C5xUN37iIw,CLzPxFpQSLCGrYNsj-lCDA,GWgiPFdz7rgc3DS-pTkMWQ,QLHhAl2jBdNePMlr7QRADQ,,
yelp,Ybor City Pizza Co.,,,,,,,,,0,G-F_d3Lchz_XKObaGddI4A,h8iDZcXLDicI_Wg8fwl-ig,A9XGPIn4ZSGVeB2AGoF2aw,ZiQiMlvgk19GrEEkN9kyRA,wDsyh_29ycKVC3pefiqO6w,kNdvmd1SRqWdkj5qZ6Ud5w,deJd43rpViQxkOmn-gz-Lg,
amazon,PlanToys Drum Set,PlanToys Big Drum II,PlanToys Solid Drum Toddler Musical Instrument - Sustainably Made from Rubberwood Featuring Organic-Pigment Coloring and Water-Based Dyes Featuring Drumstick with Rubber Head,PlanToys Solid Drum Toddler Musical Instrument - Sustainably Made from Rubberwood Featuring Organic-Pigment Coloring and Water-Based Dyes Featuring Drumstick with Rubber Head,PlanToys Solid Drum Musical Instrument in Natural Wood (6439) | Sustainably Made from Rubberwood and Non-Toxic Paints and Dyes |PlanNatural Classic Wooden Toy Collection,PlanToys Bus Stop,PlanToys Shape and Sort,PlanToys Tree House,,0,B002P8R6YS,B00009YOQW,B00009YOQW,B084GH4Z9W,B0001VUSOQ,B0001VUNV4,B001E83TP0,
movielens,The Departed,,,,,,,,,1,48516,138984,168756,183205,,,,
amazon,Playskool Heroes Transformers Rescue Bots Salvage The Construction-Bot Action Figure,"Transformers Playskool Heroes Rescue Bots Academy Wedge The Construction-Bot Converting Toy, 4.5"" Figure, Toys for Kids Ages 3 & Up","Playskool Heroes Transformers Rescue Bots Boulder the Construction-Bot Figure,Green",Playskool Heroes Transformers Rescue Bots Boulder the Construction-Bot Figure,Transformers Playskool Heroes Rescue Bots Academy Wedge The Construction-Bot,Playskool Heroes Transformers Rescue Bots Boulder The Construction-Bot Figure,Transformers Rescue Bots Playskool Heroes Boulder The Construction-Bot Figure,Playskool Heroes Transformers Rescue Bots Rescan Boulder Construction Bot Action Figure,,0,B07PJLCNLF,B00IHHHKE2,B00A8UT5TY,B07BKLMXJV,B00UJ2HDS6,B004S6E4TU,B011KD5CTE,
yelp,Abe Fisher,,,,,,,,,1,vhDWGF-8BfsxvS7Zo5Wv2w,UOWXGW5j1BV-iiqtbBS6jQ,L_piwi81xQ8ZsMR-fhBKpg,YedKs_jpocLcOHCzcRJ7cQ,w07KQ6UGshK-Xpb2Nrqxng,w07KQ6UGshK-Xpb2Nrqxng,w07KQ6UGshK-Xpb2Nrqxng,
movielens,Mission: Impossible II,,,,,,,,,1,3623,648,45186,91630,174833,,,
yelp,Baked & Wired,,,,,,,,,0,AQfAhiVYzRDH9h0t1TiIIA,ts9AK83XM3506jXA8xd2Tg,owjryf1VM333UrGOnHzqDQ,8ohbOM0ulHhPuNAbtTMvbQ,2D4xIM1ahHTQa6iV4m3p9Q,DrG7_po9ePnGEBROXd-1IA,,
movielens,X2: X-Men United,,,,,,,,,1,6333,3764,3793,45499,129405,45210,3673,
amazon,Kapla Blocks 200 Piece Set,KAPLA Wooden Construction kit 200 Bricks,KAPLA BOEK NR 3 GROEN EENVOUDI,KAPLA 40 Squares Dark Blue - Wooden Construction Set - 40 Dark Blue Colored Building Planks - for Ages 3+,KAPLA Art Book 2- Blue,80 Piece Foam Block Set,Edushape 806026 Edu-Blocks Set (26 Piece),Mega Bloks 1400-Piece Tub,Mega Bloks (80 pieces),1,B0007KLH1Y,B000VJ1NOW,B007ADDZ5C,B000VBJHDO,B00008BG17,B075DQW723,B000A8PT3A,B0000DJX7G
yelp,Aqua Fresh Nail Spa,,,,,,,,,0,bR9OAvboM9GQLS8FVyHbEQ,bR9OAvboM9GQLS8FVyHbEQ,fn_VkMsFVyLLx7ishLm1vQ,MB5GVe25WLXnqWSj1yNbRw,HsTlh2vzckcdQ8agqhqr1A,kG4XZT8mm8Ws1FDw0nzVnQ,f0rOd4jIise2KFrXEC7BRw,AtfFqRVRD9w6bB5l4UyChg
yelp,Buddakan,,,,,,,,,1,nIAbuktMEzVjT4P9pG89rQ,4mGnHfvwjE6P-vuKowHzCQ,ZqFy630e9itk-awsxviVfw,1KauHw6ktfuyxtLpFqbwkQ,,,,
amazon,Codenames Board Game,"CODENAMES: Board Game , Based on Harry Potter Films , Officially Licensed Merchandise",CGE Czech Games Edition Codenames Boardgame,CodeNames Game _ Bonus 2 Gold metallic cloth drawstring pouches,USAopoly Marvel Codenames | Based On The Hit Social Word Game Codenames | Relive Memorable Moments From The Marvel Comic Universe | Fun Board Game For The Whole Family,Coven Board Game,Deus Board Game,Camp Board Game,Deus Board Game,2,B07CJSWQBN,B07DM4XTG8,B017Z31O1S,B06Y3R9XMJ,B014K6MQVU,B00GNXSA6O,B0010SSBNY,B00GNXSA6O
